source,styleId,styleName,votes
기타,style-01,텍스처드 크롭,4
기타,style-02,가르마,5
기타,style-03,쉐기 컷,0
기타,style-04,소프트 멀릿,1
가족,style-01,텍스처드 크롭,2
가족,style-02,가르마,8
가족,style-03,쉐기 컷,3
가족,style-04,소프트 멀릿,1
카톡,style-01,텍스처드 크롭,1
카톡,style-02,가르마,5
카톡,style-03,쉐기 컷,4
카톡,style-04,소프트 멀릿,0
인스타,style-01,텍스처드 크롭,9
인스타,style-02,가르마,3
인스타,style-03,쉐기 컷,3
인스타,style-04,소프트 멀릿,0
싸피,style-01,텍스처드 크롭,6
싸피,style-02,가르마,2
싸피,style-03,쉐기 컷,2
싸피,style-04,소프트 멀릿,0
트위터,style-01,텍스처드 크롭,6
트위터,style-02,가르마,11
트위터,style-03,쉐기 컷,5
트위터,style-04,소프트 멀릿,1
